{"cameraMode":{"drawMode":0,"name":"Shaded","section":"Shading Mode"},"sceneLighting":true,"audioPlay":false,"sceneViewState":{"showFog":true,"showMaterialUpdate":false,"showSkybox":true,"showFlares":true,"showImageEffects":true,"showParticleSystems":true},"in2DMode":false,"pivot":{"x":-35.15663528442383,"y":-0.45591071248054507,"z":-25.499040603637697},"rotation":{"x":-0.011852494440972805,"y":-0.9745506048202515,"z":0.21753372251987458,"w":-0.0541776679456234},"size":53.06276321411133,"orthographic":false}