{"cameraMode":{"drawMode":0,"name":"Shaded","section":"Shading Mode"},"sceneLighting":true,"audioPlay":false,"sceneViewState":{"showFog":true,"showMaterialUpdate":false,"showSkybox":true,"showFlares":true,"showImageEffects":true,"showParticleSystems":true},"in2DMode":false,"pivot":{"x":-25.34130096435547,"y":4.491728782653809,"z":-2.0777950286865236},"rotation":{"x":-0.0032973589841276409,"y":0.996677041053772,"z":-0.06437364965677262,"w":-0.050894781947135928},"size":6.339786529541016,"orthographic":false}