{"cameraMode":{"drawMode":0,"name":"Shaded","section":"Shading Mode"},"sceneLighting":true,"audioPlay":false,"sceneViewState":{"showFog":true,"showMaterialUpdate":false,"showSkybox":true,"showFlares":true,"showImageEffects":true,"showParticleSystems":true},"in2DMode":false,"pivot":{"x":-53.130001068115237,"y":4.760000228881836,"z":-1.9539999961853028},"rotation":{"x":-0.004938842263072729,"y":0.9948188662528992,"z":-0.08225943893194199,"w":-0.059760384261608127},"size":7.246243000030518,"orthographic":false}