{"cameraMode":{"drawMode":0,"name":"Shaded","section":"Shading Mode"},"sceneLighting":true,"audioPlay":false,"sceneViewState":{"showFog":true,"showMaterialUpdate":false,"showSkybox":true,"showFlares":true,"showImageEffects":true,"showParticleSystems":true},"in2DMode":false,"pivot":{"x":-53.83037185668945,"y":1.7530982494354249,"z":18.666057586669923},"rotation":{"x":-0.11660460382699967,"y":0.2707834541797638,"z":-0.033062923699617389,"w":-0.9549815654754639},"size":13.5654935836792,"orthographic":false}