{"cameraMode":{"drawMode":0,"name":"Shaded","section":"Shading Mode"},"sceneLighting":true,"audioPlay":false,"sceneViewState":{"showFog":true,"showMaterialUpdate":false,"showSkybox":true,"showFlares":true,"showImageEffects":true,"showParticleSystems":true},"in2DMode":false,"pivot":{"x":-59.19060516357422,"y":4.747713088989258,"z":13.101327896118164},"rotation":{"x":0.09109535813331604,"y":-0.3586793839931488,"z":0.03518806770443916,"w":0.9283640384674072},"size":7.617077827453613,"orthographic":false}